<StoreArtifacts>
  <Package Id="Azure.Core" Version="1.37.0" />
  <Package Id="Google.Protobuf" Version="3.22.0" />
  <Package Id="Grpc.AspNetCore.Server" Version="2.53.0" />
  <Package Id="Grpc.AspNetCore.Server.ClientFactory" Version="2.53.0" />
  <Package Id="Grpc.Core.Api" Version="2.53.0" />
  <Package Id="Grpc.Net.Client" Version="2.53.0" />
  <Package Id="Grpc.Net.ClientFactory" Version="2.53.0" />
  <Package Id="Grpc.Net.Common" Version="2.53.0" />
  <Package Id="Microsoft.AspNetCore.Http.Abstractions" Version="2.2.0" />
  <Package Id="Microsoft.AspNetCore.Http.Extensions" Version="2.2.0" />
  <Package Id="Microsoft.AspNetCore.Http.Features" Version="5.0.17" />
  <Package Id="Microsoft.Azure.Functions.Worker.Core" Version="1.18.0" />
  <Package Id="Microsoft.Bcl.AsyncInterfaces" Version="1.1.1" />
  <Package Id="Microsoft.Extensions.Configuration" Version="5.0.0" />
  <Package Id="Microsoft.Extensions.Configuration.Abstractions" Version="5.0.0" />
  <Package Id="Microsoft.Extensions.Configuration.Binder" Version="5.0.0" />
  <Package Id="Microsoft.Extensions.Configuration.CommandLine" Version="5.0.0" />
  <Package Id="Microsoft.Extensions.Configuration.EnvironmentVariables" Version="5.0.0" />
  <Package Id="Microsoft.Extensions.Configuration.FileExtensions" Version="5.0.0" />
  <Package Id="Microsoft.Extensions.Configuration.Json" Version="5.0.0" />
  <Package Id="Microsoft.Extensions.Configuration.UserSecrets" Version="5.0.0" />
  <Package Id="Microsoft.Extensions.DependencyInjection" Version="5.0.0" />
  <Package Id="Microsoft.Extensions.DependencyInjection.Abstractions" Version="5.0.0" />
  <Package Id="Microsoft.Extensions.FileProviders.Abstractions" Version="5.0.0" />
  <Package Id="Microsoft.Extensions.FileProviders.Physical" Version="5.0.0" />
  <Package Id="Microsoft.Extensions.FileSystemGlobbing" Version="5.0.0" />
  <Package Id="Microsoft.Extensions.Hosting" Version="5.0.0" />
  <Package Id="Microsoft.Extensions.Hosting.Abstractions" Version="5.0.0" />
  <Package Id="Microsoft.Extensions.Http" Version="3.0.3" />
  <Package Id="Microsoft.Extensions.Logging" Version="5.0.0" />
  <Package Id="Microsoft.Extensions.Logging.Abstractions" Version="5.0.0" />
  <Package Id="Microsoft.Extensions.Logging.Configuration" Version="5.0.0" />
  <Package Id="Microsoft.Extensions.Logging.Console" Version="5.0.0" />
  <Package Id="Microsoft.Extensions.Logging.Debug" Version="5.0.0" />
  <Package Id="Microsoft.Extensions.Logging.EventLog" Version="5.0.0" />
  <Package Id="Microsoft.Extensions.Logging.EventSource" Version="5.0.0" />
  <Package Id="Microsoft.Extensions.Options" Version="5.0.0" />
  <Package Id="Microsoft.Extensions.Options.ConfigurationExtensions" Version="5.0.0" />
  <Package Id="Microsoft.Extensions.Primitives" Version="5.0.1" />
  <Package Id="Microsoft.IO.RecyclableMemoryStream" Version="3.0.0" />
  <Package Id="Microsoft.Net.Http.Headers" Version="2.2.0" />
  <Package Id="Newtonsoft.Json" Version="13.0.3" />
  <Package Id="OpenTelemetry" Version="1.3.2" />
  <Package Id="OpenTelemetry.Api" Version="1.3.2" />
  <Package Id="OpenTelemetry.Exporter.Console" Version="1.3.2" />
  <Package Id="OpenTelemetry.Exporter.OpenTelemetryProtocol" Version="1.3.2" />
  <Package Id="OpenTelemetry.Extensions.Propagators" Version="1.3.2" />
  <Package Id="System.Diagnostics.DiagnosticSource" Version="6.0.0" />
  <Package Id="System.Diagnostics.EventLog" Version="5.0.0" />
  <Package Id="System.IO.Pipelines" Version="5.0.2" />
  <Package Id="System.Memory.Data" Version="1.0.2" />
  <Package Id="Traceable.Agent" Version="0.1.0" />
  <Package Id="YamlDotNet" Version="13.7.1" />
</StoreArtifacts>
